tick,timestamp_ms,symbol,symbol_family,passive_world_label,passive_world_observations,passive_world_mean_avg_carry,passive_world_mean_avg_carried_cos,passive_world_best_max_carry,passive_world_best_max_carried_cos,passive_world_positive_carried_cos_count,passive_world_avg_readiness,passive_world_passive_only,passive_inner_awareness_loaded,passive_inner_awareness_state,passive_inner_awareness_direction,passive_inner_awareness_observations,passive_inner_awareness_afterlook,passive_inner_awareness_carry,passive_inner_awareness_world_carry,passive_inner_awareness_passive_only,passive_inner_awareness_is_gate,passive_inner_awareness_is_motoric,passive_inner_awareness_influences_action,passive_inner_awareness_symbol_family,reflection_context_state,reflection_context_carry,reflection_context_strain,reflection_context_alignment,reflection_world_support,reflection_current_support,action,raw_action,phase_active,phase_distance,phase_age,episode_binding_pressure,episode_release_pressure,episode_relation,mini_temporal_state,mini_family_age,mini_ticks_since_family_seen,mini_recurrence_strength,mini_afterimage,mini_time_distance,mini_temporal_form_distance,mini_temporal_trust_support,mini_temporal_caution_support,mini_neuro_dominant_tone,mini_focus_tone,mini_trust_tone,mini_caution_tone,mini_strain_tone,mini_relief_tone,mini_observation_tone,mini_neuro_support,mini_neuro_load,mini_neuro_balance,best_action_training,reward,close_reward,best_reward_training,outcome_event,event_reward,event_raw_return,entry_price,tp_price,sl_price,exit_price,bars_held,better_entry_training,entry_improvement_room,score_wait,score_long,score_short,base_score_wait,base_score_long,base_score_short,wait_bias,trade_caution_long,trade_caution_short,immature_memory_pressure_long,immature_memory_pressure_short,weak_signal_pressure_long,weak_signal_pressure_short,readiness_wait,readiness_long,readiness_short,memory_bias_wait,memory_bias_long,memory_bias_short,associative_wait,associative_long,associative_short,observation_wait,observation_long,observation_short,observation_readiness_wait,observation_readiness_long,observation_readiness_short,trade_readiness,associative_trade,observation_trade_signal,observation_trade_readiness,maturity_gap,mature_transfer,observation_learning_action,observation_learning_pressure,sehen_form_flow,sehen_form_stability,sehen_form_change,hoeren_energy_tone,hoeren_energy_shift,fuehlen_mcm_coherence,fuehlen_mcm_tension,fuehlen_mcm_asymmetry
1,1769320300000000,dio_0d6di2e,dio_0d6d,probe22_6ep_varianteB,0,0.000000,0.000000,0.000000,0.000000,0,0.000000,0,0,-,NONE,0,0.000000,0.000000,0.000000,0,0,0,0,dio_0d6d,reflection_context_unloaded,0.145260,0.262183,0.767304,0.040547,0.273242,WAIT,WAIT,0,1.000000,9999,0.000000,1.000000,none,temporal_first_contact,0,-1,0.000000,0.000000,1.000000,1.000000,0.000000,0.720000,focus_tone,0.744868,0.002506,0.226526,0.149127,0.324264,0.432789,0.365040,0.162305,0.202735,LONG,0.000000,0.000000,1.000000,NO_TRADE,0.000000,0.000000,100.05000000,100.05000000,100.05000000,100.05000000,0,100.05000000,0.000000,0.012091,-0.037323,-0.045666,-0.010243,0.004824,0.003487,0.022334,0.047506,0.049153,0.019853,0.020000,0.027653,0.029153,0.000000,0.007369,0.000000,0.000000,0.005359,0.000000,0.000000,0.000000,0.000000,0.000000,0.066993,0.000000,0.000000,0.007369,0.000000,0.007369,0.000000,0.066993,0.007369,0.000000,0.000000,LONG,0.535943,-0.038842,1.000000,-0.077685,0.076167,0.273381,0.978673,0.060734,0.014280
2,1769320600000000,dio_0pcmn5d,dio_0pcm,probe22_6ep_varianteB,0,0.000000,0.000000,0.000000,0.000000,0,0.000000,0,0,-,NONE,0,0.000000,0.000000,0.000000,0,0,0,0,dio_0pcm,reflection_context_unloaded,0.068635,0.284444,0.872898,0.011440,0.138541,WAIT,WAIT,0,1.000000,9999,0.000000,1.000000,none,temporal_first_contact,0,-1,0.000000,0.000000,1.000000,1.000000,0.000000,0.720000,observation_tone,0.285758,0.001049,0.237403,0.170758,0.312144,0.434075,0.233375,0.176176,0.057199,LONG,0.000000,0.000000,1.000000,NO_TRADE,0.000000,0.000000,100.25000000,100.25000000,100.25000000,100.25000000,0,100.25000000,0.000000,0.024693,-0.048912,-0.051218,0.002262,-0.001421,-0.001617,0.022431,0.049734,0.049601,0.019938,0.020000,0.029796,0.029601,0.000000,0.003084,0.000000,0.000000,0.002243,0.000000,0.000000,0.000000,0.000000,0.000000,0.028040,0.000000,0.000000,0.003084,0.000000,0.003084,0.000000,0.028040,0.003084,0.000000,0.000000,LONG,0.224317,0.072136,-1.000000,0.299796,0.085949,0.106195,-0.224066,0.114363,0.133586
3,1769320900000000,dio_112y7xe,dio_112y,probe22_6ep_varianteB,0,0.000000,0.000000,0.000000,0.000000,0,0.000000,0,0,-,NONE,0,0.000000,0.000000,0.000000,0,0,0,0,dio_112y,reflection_context_unloaded,0.075036,0.318139,0.833254,0.000000,0.166746,WAIT,WAIT,0,1.000000,9999,0.000000,1.000000,none,temporal_first_contact,0,-1,0.000000,0.000000,1.000000,1.000000,0.000000,0.720000,observation_tone,0.335784,0.001515,0.319293,0.329461,0.222111,0.433663,0.225840,0.278862,-0.053022,SHORT,0.000000,0.000000,1.000000,NO_TRADE,0.000000,0.000000,100.94000000,100.94000000,100.94000000,100.94000000,0,100.94000000,0.000000,0.024576,-0.051897,-0.051070,0.002176,-0.002512,-0.004779,0.022400,0.049385,0.049531,0.020000,0.019911,0.029385,0.029620,0.000000,0.000000,0.004456,0.000000,0.000000,0.003240,0.000000,0.000000,0.000000,0.000000,0.000000,0.040505,0.000000,0.000000,0.004456,0.004456,0.000000,0.040505,0.004456,0.000000,0.000000,SHORT,0.324040,0.455010,-0.333333,0.692541,0.528956,1.000000,0.051892,0.524072,0.621015
4,1769321200000000,dio_058jr99,dio_058j,probe22_6ep_varianteB,0,0.000000,0.000000,0.000000,0.000000,0,0.000000,0,0,-,NONE,0,0.000000,0.000000,0.000000,0,0,0,0,dio_058j,reflection_context_unloaded,0.090720,0.305166,0.802443,0.001819,0.199376,WAIT,WAIT,0,1.000000,9999,0.000000,1.000000,none,temporal_first_contact,0,-1,0.000000,0.000000,1.000000,1.000000,0.000000,0.720000,focus_tone,0.437226,0.001857,0.297249,0.286346,0.246523,0.433362,0.260151,0.251055,0.009096,SHORT,0.000000,0.000000,1.000000,NO_TRADE,0.000000,0.000000,100.96000000,100.96000000,100.96000000,100.96000000,0,100.96000000,0.000000,0.021090,-0.049686,-0.046576,-0.001287,0.000252,-0.001308,0.022377,0.049937,0.049239,0.020000,0.019891,0.029937,0.029349,0.000000,0.000000,0.005461,0.000000,0.000000,0.003972,0.000000,0.000000,0.000000,0.000000,0.000000,0.049644,0.000000,0.000000,0.005461,0.005461,0.000000,0.049644,0.005461,0.000000,0.000000,SHORT,0.397154,0.466107,0.000000,-0.281045,0.410935,0.094637,0.284938,0.413325,0.212497
5,1769321500000000,dio_0unlqm4,dio_0unl,probe22_6ep_varianteB,0,0.000000,0.000000,0.000000,0.000000,0,0.000000,0,0,-,NONE,0,0.000000,0.000000,0.000000,0,0,0,0,dio_0unl,reflection_context_unloaded,0.101880,0.283898,0.814374,0.018349,0.203974,WAIT,WAIT,0,1.000000,9999,0.000000,1.000000,none,temporal_first_contact,0,-1,0.000000,0.000000,1.000000,1.000000,0.000000,0.720000,focus_tone,0.495578,0.005214,0.254426,0.201694,0.294186,0.430399,0.288403,0.196659,0.091744,SHORT,0.000000,0.000000,1.000000,NO_TRADE,0.000000,0.000000,100.20000000,100.20000000,100.20000000,100.20000000,0,100.20000000,0.000000,0.018029,-0.047220,-0.033830,-0.004126,0.002232,0.001790,0.022155,0.049452,0.046773,0.020000,0.019693,0.029452,0.027079,0.000000,0.000000,0.015335,0.000000,0.000000,0.011153,0.000000,0.000000,0.000000,0.000000,0.000000,0.139411,0.000000,0.000000,0.015335,0.015335,0.000000,0.139411,0.015335,0.000000,0.000000,SHORT,0.371065,0.083292,0.000000,-1.000000,-0.011570,-0.528914,0.396760,0.199842,-0.299139
6,1769321800000000,dio_0ast4n5,dio_0ast,probe22_6ep_varianteB,0,0.000000,0.000000,0.000000,0.000000,0,0.000000,0,0,-,NONE,0,0.000000,0.000000,0.000000,0,0,0,0,dio_0ast,reflection_context_unloaded,0.066222,0.295727,0.858752,0.002661,0.143909,WAIT,WAIT,0,1.000000,9999,0.000000,1.000000,none,temporal_first_contact,0,-1,0.000000,0.000000,1.000000,1.000000,0.000000,0.720000,observation_tone,0.263547,0.001208,0.262279,0.218861,0.284853,0.433934,0.220628,0.207324,0.013304,LONG,0.000000,0.000000,0.327869,NO_TRADE,0.000000,0.000000,99.66000000,99.66000000,99.66000000,99.66000000,0,99.66000000,0.000000,0.024531,-0.049821,-0.052198,0.002111,-0.002499,-0.002908,0.022420,0.049907,0.049290,0.019929,0.020000,0.029978,0.029290,0.000000,0.003554,0.000000,0.000000,0.002585,0.000000,0.000000,0.000000,0.000000,0.000000,0.032312,0.000000,0.000000,0.003554,0.000000,0.003554,0.000000,0.032312,0.003554,0.000000,0.000000,LONG,0.254328,-0.326960,-1.000000,-0.582254,-0.019126,0.176545,-0.205355,0.238517,-0.287530
7,1769322100000000,dio_0uxjwdo,dio_0uxj,probe22_6ep_varianteB,0,0.000000,0.000000,0.000000,0.000000,0,0.000000,0,0,-,NONE,0,0.000000,0.000000,0.000000,0,0,0,0,dio_0uxj,reflection_context_unloaded,0.101042,0.301174,0.784367,0.004008,0.219641,WAIT,WAIT,0,1.000000,9999,0.000000,1.000000,none,temporal_first_contact,0,-1,0.000000,0.000000,1.000000,1.000000,0.000000,0.720000,focus_tone,0.455799,0.000721,0.293115,0.279054,0.250772,0.434364,0.266211,0.246173,0.020038,LONG,0.000000,0.000000,0.165336,NO_TRADE,0.000000,0.000000,99.57000000,99.57000000,99.57000000,99.57000000,0,99.57000000,0.000000,0.018891,-0.048042,-0.051115,-0.003561,-0.000006,-0.001481,0.022452,0.049578,0.049634,0.019958,0.020000,0.029621,0.029634,0.000000,0.002121,0.000000,0.000000,0.001542,0.000000,0.000000,0.000000,0.000000,0.000000,0.019278,0.000000,0.000000,0.002121,0.000000,0.002121,0.000000,0.019278,0.002121,0.000000,0.000000,LONG,0.463098,-0.754023,0.000000,0.370726,-0.040583,0.045610,0.388637,0.393051,-0.324157
8,1769322400000000,dio_1tpjpx2,dio_1tpj,probe22_6ep_varianteB,0,0.000000,0.000000,0.000000,0.000000,0,0.000000,0,0,-,NONE,0,0.000000,0.000000,0.000000,0,0,0,0,dio_1tpj,reflection_context_unloaded,0.144499,0.293590,0.711841,0.014828,0.302987,WAIT,WAIT,0,1.000000,9999,0.000000,1.000000,none,temporal_first_contact,0,-1,0.000000,0.000000,1.000000,1.000000,0.000000,0.720000,focus_tone,0.675043,0.006160,0.299411,0.288323,0.244971,0.429565,0.326975,0.252836,0.074138,LONG,0.000000,0.000000,1.000000,NO_TRADE,0.000000,0.000000,99.13000000,99.13000000,99.13000000,99.13000000,0,99.13000000,0.000000,0.012013,-0.030237,-0.048961,-0.010079,0.002716,0.000833,0.022092,0.046129,0.049793,0.019638,0.020000,0.026492,0.029793,0.000000,0.018117,0.000000,0.000000,0.013176,0.000000,0.000000,0.000000,0.000000,0.000000,0.164703,0.000000,0.000000,0.018117,0.000000,0.018117,0.000000,0.164703,0.018117,0.000000,0.000000,LONG,0.658826,-1.000000,1.000000,0.020853,0.002354,-0.047506,0.999341,0.424325,-0.564497
9,1769322700000000,dio_02ju20g,dio_02ju,probe22_6ep_varianteB,0,0.000000,0.000000,0.000000,0.000000,0,0.000000,0,0,-,NONE,0,0.000000,0.000000,0.000000,0,0,0,0,dio_02ju,reflection_context_unloaded,0.095889,0.288617,0.820868,0.015280,0.194412,WAIT,WAIT,0,1.000000,9999,0.000000,1.000000,none,temporal_first_contact,0,-1,0.000000,0.000000,1.000000,1.000000,0.000000,0.720000,focus_tone,0.485727,0.000098,0.261382,0.217746,0.285596,0.434913,0.282860,0.206461,0.076399,SHORT,0.000000,0.000000,0.026281,NO_TRADE,0.000000,0.000000,100.04000000,100.04000000,100.04000000,100.04000000,0,100.04000000,0.000000,0.018586,-0.047731,-0.049097,-0.003908,0.001821,0.000508,0.022494,0.049552,0.049816,0.020000,0.019994,0.029552,0.029821,0.000000,0.000000,0.000289,0.000000,0.000000,0.000210,0.000000,0.000000,0.000000,0.000000,0.000000,0.002625,0.000000,0.000000,0.000289,0.000289,0.000000,0.002625,0.000289,0.000000,0.000000,SHORT,0.364794,-0.088711,0.000000,1.000000,-0.087836,-0.223390,0.375406,0.234150,0.145644
10,1769323000000000,dio_1rcthrn,dio_1rct,probe22_6ep_varianteB,0,0.000000,0.000000,0.000000,0.000000,0,0.000000,0,0,-,NONE,0,0.000000,0.000000,0.000000,0,0,0,0,dio_1rct,reflection_context_unloaded,0.069143,0.289907,0.861382,0.006765,0.145383,WAIT,WAIT,0,1.000000,9999,0.000000,1.000000,none,temporal_first_contact,0,-1,0.000000,0.000000,1.000000,1.000000,0.000000,0.720000,observation_tone,0.272449,0.000394,0.250167,0.195854,0.297980,0.434652,0.226156,0.192332,0.033824,LONG,0.000000,0.000000,0.327970,NO_TRADE,0.000000,0.000000,100.21000000,100.21000000,100.21000000,100.21000000,0,100.21000000,0.000000,0.024791,-0.050633,-0.051940,0.002317,-0.001715,-0.002568,0.022474,0.049760,0.049371,0.019977,0.020000,0.029783,0.029371,0.000000,0.001159,0.000000,0.000000,0.000843,0.000000,0.000000,0.000000,0.000000,0.000000,0.010532,0.000000,0.000000,0.001159,0.000000,0.001159,0.000000,0.010532,0.001159,0.000000,0.000000,LONG,0.256909,0.306598,-1.000000,0.045932,0.100057,0.327970,-0.228016,0.178144,0.248313
11,1769323300000000,dio_1p1ai45,dio_1p1a,probe22_6ep_varianteB,0,0.000000,0.000000,0.000000,0.000000,0,0.000000,0,0,-,NONE,0,0.000000,0.000000,0.000000,0,0,0,0,dio_1p1a,reflection_context_unloaded,0.065550,0.295747,0.859970,0.002537,0.142567,WAIT,WAIT,0,1.000000,9999,0.000000,1.000000,none,temporal_first_contact,0,-1,0.000000,0.000000,1.000000,1.000000,0.000000,0.720000,observation_tone,0.260082,0.000397,0.261807,0.218436,0.285175,0.434649,0.219621,0.206938,0.012683,LONG,0.000000,0.000000,0.334528,NO_TRADE,0.000000,0.000000,100.18000000,100.18000000,100.18000000,100.18000000,0,100.18000000,0.000000,0.025316,-0.050647,-0.051813,0.002842,-0.001742,-0.002401,0.022474,0.049755,0.049411,0.019977,0.020000,0.029779,0.029411,0.000000,0.001169,0.000000,0.000000,0.000850,0.000000,0.000000,0.000000,0.000000,0.000000,0.010623,0.000000,0.000000,0.001169,0.000000,0.001169,0.000000,0.010623,0.001169,0.000000,0.000000,LONG,0.254043,0.340352,-1.000000,-0.272530,0.118569,0.059737,-0.233199,0.236352,0.137138
12,1769323600000000,dio_1uat3xw,dio_1uat,probe22_6ep_varianteB,0,0.000000,0.000000,0.000000,0.000000,0,0.000000,0,0,-,NONE,0,0.000000,0.000000,0.000000,0,0,0,0,dio_1uat,reflection_context_unloaded,0.057212,0.316268,0.872862,0.000000,0.127138,WAIT,WAIT,0,1.000000,9999,0.000000,1.000000,none,temporal_first_contact,0,-1,0.000000,0.000000,1.000000,1.000000,0.000000,0.720000,observation_tone,0.205655,0.001060,0.305568,0.303005,0.237157,0.434065,0.192951,0.261712,-0.068761,LONG,0.000000,0.000000,1.000000,NO_TRADE,0.000000,0.000000,99.86000000,99.86000000,99.86000000,99.86000000,0,99.86000000,0.000000,0.027013,-0.048738,-0.051217,0.004583,-0.001306,-0.001615,0.022430,0.049699,0.049602,0.019938,0.020000,0.029762,0.029602,0.000000,0.003117,0.000000,0.000000,0.002267,0.000000,0.000000,0.000000,0.000000,0.000000,0.028336,0.000000,0.000000,0.003117,0.000000,0.003117,0.000000,0.028336,0.003117,0.000000,0.000000,LONG,0.226686,0.409115,-1.000000,-0.746762,-0.390283,-0.983264,-0.309279,0.455229,-0.146771
13,1769323900000000,dio_12ay0ja,dio_12ay,probe22_6ep_varianteB,0,0.000000,0.000000,0.000000,0.000000,0,0.000000,0,0,-,NONE,0,0.000000,0.000000,0.000000,0,0,0,0,dio_12ay,reflection_context_unloaded,0.064082,0.288689,0.876268,0.008403,0.132134,WAIT,WAIT,0,1.000000,9999,0.000000,1.000000,none,temporal_first_contact,0,-1,0.000000,0.000000,1.000000,1.000000,0.000000,0.720000,observation_tone,0.271971,0.000977,0.244867,0.185201,0.303961,0.434138,0.227540,0.185526,0.042014,LONG,0.000000,0.000000,1.000000,NO_TRADE,0.000000,0.000000,99.96000000,99.96000000,99.96000000,99.96000000,0,99.96000000,0.000000,0.025829,-0.050030,-0.052105,0.003394,-0.002207,-0.002785,0.022435,0.049913,0.049319,0.019943,0.020000,0.029971,0.029319,0.000000,0.002875,0.000000,0.000000,0.002091,0.000000,0.000000,0.000000,0.000000,0.000000,0.026134,0.000000,0.000000,0.002875,0.000000,0.002875,0.000000,0.026134,0.002875,0.000000,0.000000,LONG,0.209075,-0.044427,-1.000000,0.177722,-0.248462,0.206022,-0.269569,0.151449,0.058979
14,1769324200000000,dio_0w1xyt1,dio_0w1x,probe22_6ep_varianteB,0,0.000000,0.000000,0.000000,0.000000,0,0.000000,0,0,-,NONE,0,0.000000,0.000000,0.000000,0,0,0,0,dio_0w1x,reflection_context_unloaded,0.068567,0.286507,0.868968,0.009603,0.140635,WAIT,WAIT,0,1.000000,9999,0.000000,1.000000,none,temporal_first_contact,0,-1,0.000000,0.000000,1.000000,1.000000,0.000000,0.720000,observation_tone,0.277516,0.003180,0.242453,0.179576,0.306931,0.432194,0.230117,0.182101,0.048015,LONG,0.000000,0.000000,1.000000,NO_TRADE,0.000000,0.000000,100.00000000,100.00000000,100.00000000,100.00000000,0,100.00000000,0.000000,0.025469,-0.044067,-0.051940,0.003179,-0.002172,-0.002569,0.022290,0.048698,0.049371,0.019813,0.020000,0.028885,0.029371,0.000000,0.009354,0.000000,0.000000,0.006803,0.000000,0.000000,0.000000,0.000000,0.000000,0.085037,0.000000,0.000000,0.009354,0.000000,0.009354,0.000000,0.085037,0.009354,0.000000,0.000000,LONG,0.226195,-0.116422,-1.000000,0.136767,-0.165004,0.093220,-0.246201,0.140082,-0.013728
15,1769324500000000,dio_1y5nb8f,dio_1y5n,probe22_6ep_varianteB,0,0.000000,0.000000,0.000000,0.000000,0,0.000000,0,0,-,NONE,0,0.000000,0.000000,0.000000,0,0,0,0,dio_1y5n,reflection_context_unloaded,0.088076,0.305088,0.809990,0.002572,0.192582,WAIT,WAIT,0,1.000000,9999,0.000000,1.000000,none,temporal_first_contact,0,-1,0.000000,0.000000,1.000000,1.000000,0.000000,0.720000,focus_tone,0.442446,0.001744,0.295680,0.283423,0.248192,0.433461,0.261997,0.249137,0.012860,SHORT,0.000000,0.000000,1.000000,NO_TRADE,0.000000,0.000000,100.74000000,100.74000000,100.74000000,100.74000000,0,100.74000000,0.000000,0.021918,-0.050642,-0.049188,-0.000467,-0.000854,-0.003163,0.022385,0.049788,0.049756,0.020000,0.019897,0.029788,0.029859,0.000000,0.000000,0.005130,0.000000,0.000000,0.003731,0.000000,0.000000,0.000000,0.000000,0.000000,0.046638,0.000000,0.000000,0.005130,0.005130,0.000000,0.046638,0.005130,0.000000,0.000000,SHORT,0.373102,0.310552,0.000000,0.888618,0.316818,0.753425,0.311291,0.405674,0.537862
16,1769324800000000,dio_14r5kb9,dio_14r5,probe22_6ep_varianteB,0,0.000000,0.000000,0.000000,0.000000,0,0.000000,0,0,-,NONE,0,0.000000,0.000000,0.000000,0,0,0,0,dio_14r5,reflection_context_unloaded,0.111263,0.299163,0.773547,0.009359,0.235812,WAIT,WAIT,0,1.000000,9999,0.000000,1.000000,none,temporal_first_contact,0,-1,0.000000,0.000000,1.000000,1.000000,0.000000,0.720000,focus_tone,0.555112,0.002259,0.294199,0.280411,0.249849,0.433007,0.294014,0.247220,0.046794,SHORT,0.000000,0.000000,1.000000,NO_TRADE,0.000000,0.000000,100.74000000,100.74000000,100.74000000,100.74000000,0,100.74000000,0.000000,0.017982,-0.047307,-0.043500,-0.004369,0.002162,0.000304,0.022351,0.049469,0.048636,0.020000,0.019867,0.029469,0.028769,0.000000,0.000000,0.006644,0.000000,0.000000,0.004832,0.000000,0.000000,0.000000,0.000000,0.000000,0.060396,0.000000,0.000000,0.006644,0.006644,0.000000,0.060396,0.006644,0.000000,0.000000,SHORT,0.483168,0.489574,0.500000,-0.325984,0.335490,-0.117117,0.606063,0.398685,0.172502
17,1769325100000000,dio_05bhhfd,dio_05bh,probe22_6ep_varianteB,0,0.000000,0.000000,0.000000,0.000000,0,0.000000,0,0,-,NONE,0,0.000000,0.000000,0.000000,0,0,0,0,dio_05bh,reflection_context_unloaded,0.076684,0.297259,0.841288,0.005264,0.163976,WAIT,WAIT,0,1.000000,9999,0.000000,1.000000,none,temporal_first_contact,0,-1,0.000000,0.000000,1.000000,1.000000,0.000000,0.720000,observation_tone,0.359569,0.001384,0.271439,0.236596,0.274779,0.433779,0.245122,0.218804,0.026318,SHORT,0.000000,0.000000,1.000000,NO_TRADE,0.000000,0.000000,100.31000000,100.31000000,100.31000000,100.31000000,0,100.31000000,0.000000,0.022834,-0.050699,-0.048581,0.000426,-0.000929,-0.001888,0.022408,0.049769,0.049653,0.020000,0.019919,0.029769,0.029734,0.000000,0.000000,0.004071,0.000000,0.000000,0.002960,0.000000,0.000000,0.000000,0.000000,0.000000,0.037005,0.000000,0.000000,0.004071,0.004071,0.000000,0.037005,0.004071,0.000000,0.000000,SHORT,0.296037,0.194522,-0.500000,-0.763163,0.192123,0.073855,0.046206,0.284497,-0.059456
18,1769325400000000,dio_0xvwdfg,dio_0xvw,probe22_6ep_varianteB,0,0.000000,0.000000,0.000000,0.000000,0,0.000000,0,0,-,NONE,0,0.000000,0.000000,0.000000,0,0,0,0,dio_0xvw,reflection_context_unloaded,0.045096,0.290203,0.937994,0.017193,0.079199,WAIT,WAIT,0,1.000000,9999,0.000000,1.000000,none,temporal_first_contact,0,-1,0.000000,0.000000,1.000000,1.000000,0.000000,0.720000,observation_tone,0.397032,0.000000,0.238727,0.173784,0.310532,0.435000,0.263997,0.178029,0.085967,WAIT,0.000000,0.000000,0.000000,NO_TRADE,0.000000,0.000000,100.30000000,100.30000000,100.30000000,100.30000000,0,100.30000000,0.000000,0.022062,-0.049841,-0.050400,-0.000438,0.000128,-0.000532,0.022500,0.049968,0.049868,0.020000,0.020000,0.029968,0.029868,0.000000,0.000000,0.000000,0.000000,0.000000,0.000000,0.000000,0.000000,0.000000,0.000000,0.000000,0.000000,0.000000,0.000000,0.000000,0.000000,0.000000,0.000000,0.000000,0.000000,0.000000,-,0.000000,0.166667,-0.500000,-0.127061,0.072258,-0.078844,0.079768,0.120678,0.047070
19,1769325700000000,dio_18f7qh4,dio_18f7,probe22_6ep_varianteB,0,0.000000,0.000000,0.000000,0.000000,0,0.000000,0,0,-,NONE,0,0.000000,0.000000,0.000000,0,0,0,0,dio_18f7,reflection_context_unloaded,0.119203,0.288465,0.773457,0.017259,0.243802,WAIT,WAIT,0,1.000000,9999,0.000000,1.000000,none,temporal_first_contact,0,-1,0.000000,0.000000,1.000000,1.000000,0.000000,0.720000,focus_tone,0.585331,0.000353,0.273287,0.240738,0.272534,0.434688,0.307651,0.221356,0.086295,LONG,0.000000,0.000000,0.150000,NO_TRADE,0.000000,0.000000,99.87000000,99.87000000,99.87000000,99.87000000,0,99.87000000,0.000000,0.015652,-0.046004,-0.048681,-0.006824,0.002441,0.001057,0.022477,0.049201,0.049738,0.019979,0.020000,0.029222,0.029738,0.000000,0.001039,0.000000,0.000000,0.000755,0.000000,0.000000,0.000000,0.000000,0.000000,0.009443,0.000000,0.000000,0.001039,0.000000,0.001039,0.000000,0.009443,0.001039,0.000000,0.000000,LONG,0.503638,-0.479783,0.500000,-0.314567,-0.099843,-0.212500,0.672044,0.293774,-0.386675
20,1769326000000000,dio_0vaao2y,dio_0vaa,probe22_6ep_varianteB,0,0.000000,0.000000,0.000000,0.000000,0,0.000000,0,0,-,NONE,0,0.000000,0.000000,0.000000,0,0,0,0,dio_0vaa,reflection_context_unloaded,0.139513,0.290884,0.729537,0.017805,0.288268,WAIT,WAIT,0,1.000000,9999,0.000000,1.000000,none,temporal_first_contact,0,-1,0.000000,0.000000,1.000000,1.000000,0.000000,0.720000,focus_tone,0.682051,0.002893,0.290005,0.271837,0.254646,0.432448,0.330798,0.241774,0.089024,LONG,0.000000,0.000000,1.000000,NO_TRADE,0.000000,0.000000,99.38000000,99.38000000,99.38000000,99.38000000,0,99.38000000,0.000000,0.012187,-0.038262,-0.048559,-0.010121,0.003203,0.001155,0.022309,0.047653,0.049714,0.019830,0.020000,0.027823,0.029714,0.000000,0.008508,0.000000,0.000000,0.006188,0.000000,0.000000,0.000000,0.000000,0.000000,0.077344,0.000000,0.000000,0.008508,0.000000,0.008508,0.000000,0.077344,0.008508,0.000000,0.000000,LONG,0.618751,-0.750006,1.000000,-0.224589,-0.062999,0.052701,0.982360,0.377396,-0.463364
21,1769326300000000,dio_19pal6b,dio_19pa,probe22_6ep_varianteB,0,0.000000,0.000000,0.000000,0.000000,0,0.000000,0,0,-,NONE,0,0.000000,0.000000,0.000000,0,0,0,0,dio_19pa,reflection_context_unloaded,0.095841,0.289744,0.818912,0.014352,0.195440,WAIT,WAIT,0,1.000000,9999,0.000000,1.000000,none,temporal_first_contact,0,-1,0.000000,0.000000,1.000000,1.000000,0.000000,0.720000,focus_tone,0.482898,0.000585,0.264048,0.222661,0.282760,0.434484,0.281456,0.209699,0.071758,SHORT,0.000000,0.000000,0.172634,NO_TRADE,0.000000,0.000000,100.52000000,100.52000000,100.52000000,100.52000000,0,100.52000000,0.000000,0.018930,-0.048440,-0.049204,-0.003531,0.001251,-0.000642,0.022461,0.049690,0.049814,0.020000,0.019966,0.029690,0.029848,0.000000,0.000000,0.001720,0.000000,0.000000,0.001251,0.000000,0.000000,0.000000,0.000000,0.000000,0.015641,0.000000,0.000000,0.001720,0.001720,0.000000,0.015641,0.001720,0.000000,0.000000,SHORT,0.367716,0.116306,0.000000,1.000000,0.091986,0.326087,0.374244,0.247483,0.370349
22,1769326600000000,dio_043ccxh,dio_043c,probe22_6ep_varianteB,0,0.000000,0.000000,0.000000,0.000000,0,0.000000,0,0,-,NONE,0,0.000000,0.000000,0.000000,0,0,0,0,dio_043c,reflection_context_unloaded,0.108157,0.272334,0.818892,0.026658,0.207767,WAIT,WAIT,0,1.000000,9999,0.000000,1.000000,none,temporal_first_contact,0,-1,0.000000,0.000000,1.000000,1.000000,0.000000,0.720000,focus_tone,0.518459,0.001439,0.230287,0.156803,0.320018,0.433731,0.300476,0.167183,0.133292,LONG,0.000000,0.000000,0.381630,NO_TRADE,0.000000,0.000000,100.44000000,100.44000000,100.44000000,100.44000000,0,100.44000000,0.000000,0.017250,-0.042971,-0.047966,-0.005155,0.002528,0.001631,0.022405,0.048577,0.049598,0.019915,0.020000,0.028661,0.029598,0.000000,0.004231,0.000000,0.000000,0.003077,0.000000,0.000000,0.000000,0.000000,0.000000,0.038463,0.000000,0.000000,0.004231,0.000000,0.004231,0.000000,0.038463,0.004231,0.000000,0.000000,LONG,0.386439,0.077545,0.000000,-0.172785,0.044628,-0.142303,0.387504,0.078958,-0.026504
23,1769326900000000,dio_0jikllc,dio_0jik,probe22_6ep_varianteB,0,0.000000,0.000000,0.000000,0.000000,0,0.000000,0,0,-,NONE,0,0.000000,0.000000,0.000000,0,0,0,0,dio_0jik,reflection_context_unloaded,0.102448,0.285559,0.809128,0.016556,0.207428,WAIT,WAIT,0,1.000000,9999,0.000000,1.000000,none,temporal_first_contact,0,-1,0.000000,0.000000,1.000000,1.000000,0.000000,0.720000,focus_tone,0.486657,0.003667,0.258289,0.209938,0.289666,0.431764,0.284601,0.201821,0.082780,LONG,0.000000,0.000000,1.000000,NO_TRADE,0.000000,0.000000,100.30000000,100.30000000,100.30000000,100.30000000,0,100.30000000,0.000000,0.018023,-0.036968,-0.048064,-0.004235,0.002576,0.001553,0.022257,0.047388,0.049617,0.019784,0.020000,0.027603,0.029617,0.000000,0.010785,0.000000,0.000000,0.007844,0.000000,0.000000,0.000000,0.000000,0.000000,0.098048,0.000000,0.000000,0.010785,0.000000,0.010785,0.000000,0.098048,0.010785,0.000000,0.000000,LONG,0.392443,0.239200,0.000000,-0.368536,-0.141697,-0.388889,0.360325,0.218943,-0.032275
24,1769327200000000,dio_0bbjbvp,dio_0bbj,probe22_6ep_varianteB,0,0.000000,0.000000,0.000000,0.000000,0,0.000000,0,0,-,NONE,0,0.000000,0.000000,0.000000,0,0,0,0,dio_0bbj,reflection_context_unloaded,0.089898,0.305059,0.805060,0.002176,0.197115,WAIT,WAIT,0,1.000000,9999,0.000000,1.000000,none,temporal_first_contact,0,-1,0.000000,0.000000,1.000000,1.000000,0.000000,0.720000,focus_tone,0.440009,0.001818,0.296573,0.285070,0.247251,0.433396,0.261099,0.250221,0.010878,LONG,0.000000,0.000000,1.000000,NO_TRADE,0.000000,0.000000,100.11000000,100.11000000,100.11000000,100.11000000,0,100.11000000,0.000000,0.019784,-0.042722,-0.049518,-0.002596,0.001902,0.000386,0.022380,0.048512,0.049904,0.019893,0.020000,0.028619,0.029904,0.000000,0.005346,0.000000,0.000000,0.003888,0.000000,0.000000,0.000000,0.000000,0.000000,0.048603,0.000000,0.000000,0.005346,0.000000,0.005346,0.000000,0.048603,0.005346,0.000000,0.000000,LONG,0.388823,0.408086,0.000000,-0.554235,-0.356946,-0.351145,0.300055,0.409991,0.025283
25,1769327500000000,dio_0evwhhe,dio_0evw,probe22_6ep_varianteB,0,0.000000,0.000000,0.000000,0.000000,0,0.000000,0,0,-,NONE,0,0.000000,0.000000,0.000000,0,0,0,0,dio_0evw,reflection_context_unloaded,0.139478,0.277010,0.754526,0.029014,0.274489,WAIT,WAIT,0,1.000000,9999,0.000000,1.000000,none,temporal_first_contact,0,-1,0.000000,0.000000,1.000000,1.000000,0.000000,0.720000,focus_tone,0.707141,0.005132,0.258285,0.209252,0.289909,0.430472,0.346602,0.201531,0.145071,LONG,0.000000,0.000000,1.000000,NO_TRADE,0.000000,0.000000,100.05000000,100.05000000,100.05000000,100.05000000,0,100.05000000,0.000000,0.011822,-0.030698,-0.046887,-0.010339,0.004581,0.002500,0.022160,0.046255,0.049388,0.019698,0.020000,0.026557,0.029388,0.000000,0.015093,0.000000,0.000000,0.010977,0.000000,0.000000,0.000000,0.000000,0.000000,0.137213,0.000000,0.000000,0.015093,0.000000,0.015093,0.000000,0.137213,0.015093,0.000000,0.000000,LONG,0.548235,-0.259760,1.000000,0.084668,-0.229946,0.166113,0.935615,0.219223,-0.091923
26,1769327800000000,dio_16i3kk4,dio_16i3,probe22_6ep_varianteB,0,0.000000,0.000000,0.000000,0.000000,0,0.000000,0,0,-,NONE,0,0.000000,0.000000,0.000000,0,0,0,0,dio_16i3,reflection_context_unloaded,0.104674,0.278839,0.815850,0.021806,0.205956,WAIT,WAIT,0,1.000000,9999,0.000000,1.000000,none,temporal_first_contact,0,-1,0.000000,0.000000,1.000000,1.000000,0.000000,0.720000,focus_tone,0.502501,0.003549,0.243917,0.182055,0.305488,0.431869,0.292818,0.183787,0.109032,LONG,0.000000,0.000000,1.000000,NO_TRADE,0.000000,0.000000,100.25000000,100.25000000,100.25000000,100.25000000,0,100.25000000,0.000000,0.017128,-0.037594,-0.048840,-0.005138,0.002318,0.000930,0.022265,0.047503,0.049769,0.019791,0.020000,0.027712,0.029769,0.000000,0.010438,0.000000,0.000000,0.007591,0.000000,0.000000,0.000000,0.000000,0.000000,0.094893,0.000000,0.000000,0.010438,0.000000,0.010438,0.000000,0.094893,0.010438,0.000000,0.000000,LONG,0.379785,-0.105093,0.000000,0.366094,-0.105164,0.079051,0.370554,0.146883,0.044821
27,1769328100000000,dio_0xq8kn1,dio_0xq8,probe22_6ep_varianteB,0,0.000000,0.000000,0.000000,0.000000,0,0.000000,0,0,-,NONE,0,0.000000,0.000000,0.000000,0,0,0,0,dio_0xq8,reflection_context_unloaded,0.054225,0.322487,0.879501,0.000000,0.120499,WAIT,WAIT,0,1.000000,9999,0.000000,1.000000,none,temporal_first_contact,0,-1,0.000000,0.000000,1.000000,1.000000,0.000000,0.720000,observation_tone,0.188312,0.000996,0.318490,0.328365,0.222785,0.434121,0.184636,0.278049,-0.093412,SHORT,0.000000,0.000000,1.000000,NO_TRADE,0.000000,0.000000,101.03000000,101.03000000,101.03000000,101.03000000,0,101.03000000,0.000000,0.027010,-0.052876,-0.053007,0.004576,-0.003795,-0.006174,0.022434,0.049080,0.048964,0.020000,0.019941,0.029080,0.029022,0.000000,0.000000,0.002930,0.000000,0.000000,0.002131,0.000000,0.000000,0.000000,0.000000,0.000000,0.026640,0.000000,0.000000,0.002930,0.002930,0.000000,0.026640,0.002930,0.000000,0.000000,SHORT,0.213120,0.404343,-1.000000,0.882826,0.498971,1.000000,-0.339712,0.520644,0.638310
28,1769328400000000,dio_0a7lavr,dio_0a7l,probe22_6ep_varianteB,0,0.000000,0.000000,0.000000,0.000000,0,0.000000,0,0,-,NONE,0,0.000000,0.000000,0.000000,0,0,0,0,dio_0a7l,reflection_context_unloaded,0.090133,0.307993,0.799705,0.000000,0.200295,WAIT,WAIT,0,1.000000,9999,0.000000,1.000000,none,temporal_first_contact,0,-1,0.000000,0.000000,1.000000,1.000000,0.000000,0.720000,observation_tone,0.430829,0.001887,0.303486,0.298465,0.239648,0.433335,0.256714,0.258889,-0.002175,SHORT,0.000000,0.000000,1.000000,NO_TRADE,0.000000,0.000000,101.06000000,101.06000000,101.06000000,101.06000000,0,101.06000000,0.000000,0.020403,-0.049269,-0.046636,-0.001972,0.000585,-0.001422,0.022375,0.049854,0.049250,0.020000,0.019889,0.029854,0.029361,0.000000,0.000000,0.005549,0.000000,0.000000,0.004035,0.000000,0.000000,0.000000,0.000000,0.000000,0.050442,0.000000,0.000000,0.005549,0.005549,0.000000,0.050442,0.005549,0.000000,0.000000,SHORT,0.403537,0.527198,0.000000,-0.307014,0.414465,0.114504,0.283950,0.444621,0.244448
29,1769328700000000,dio_0unlqm4,dio_0unl,probe22_6ep_varianteB,0,0.000000,0.000000,0.000000,0.000000,0,0.000000,0,0,-,NONE,0,0.000000,0.000000,0.000000,0,0,0,0,dio_0unl,reflection_context_unloaded,0.142817,0.243950,0.817649,0.060759,0.243110,WAIT,WAIT,0,1.000000,9999,0.000000,1.000000,none,temporal_far_return,24,24,0.166667,0.035000,1.000000,0.001957,0.617265,0.180822,focus_tone,0.643882,0.159292,0.103324,0.149227,0.355320,0.547677,0.411933,0.108138,0.303795,SHORT,0.000000,0.000000,1.000000,NO_TRADE,0.000000,0.000000,100.20000000,100.20000000,100.20000000,100.20000000,0,100.20000000,0.000000,0.017138,-0.046769,-0.029214,-0.004902,0.002596,0.001846,0.022040,0.049365,0.045924,0.020000,0.019591,0.029365,0.026333,0.000000,0.000000,0.020437,0.000000,0.000000,0.014864,0.000000,0.000000,0.000000,0.000000,0.000000,0.185794,0.000000,0.000000,0.020437,0.020437,0.000000,0.185794,0.020437,0.000000,0.000000,SHORT,0.371183,0.083292,0.000000,-1.000000,-0.010272,-0.532060,0.397124,0.199297,-0.299769
30,1769329000000000,dio_0ast4n5,dio_0ast,probe22_6ep_varianteB,0,0.000000,0.000000,0.000000,0.000000,0,0.000000,0,0,-,NONE,0,0.000000,0.000000,0.000000,0,0,0,0,dio_0ast,reflection_context_unloaded,0.105591,0.257274,0.863048,0.043963,0.180915,WAIT,WAIT,0,1.000000,9999,0.000000,1.000000,none,temporal_far_return,24,24,0.166667,0.035000,1.000000,0.009338,0.612984,0.183922,observation_tone,0.408625,0.152914,0.114016,0.171312,0.343122,0.551627,0.341931,0.122118,0.219814,LONG,0.000000,0.000000,0.348411,NO_TRADE,0.000000,0.000000,99.64000000,99.64000000,99.64000000,99.64000000,0,99.64000000,0.000000,0.023863,-0.048399,-0.052175,0.001469,-0.002211,-0.002877,0.022394,0.049607,0.049298,0.019906,0.020000,0.029701,0.029298,0.000000,0.004701,0.000000,0.000000,0.003419,0.000000,0.000000,0.000000,0.000000,0.000000,0.042735,0.000000,0.000000,0.004701,0.000000,0.004701,0.000000,0.042735,0.004701,0.000000,0.000000,LONG,0.254850,-0.338044,-1.000000,-0.604969,-0.022208,0.165037,-0.206218,0.248101,-0.301490
31,1769329300000000,dio_0uxjwdo,dio_0uxj,probe22_6ep_varianteB,0,0.000000,0.000000,0.000000,0.000000,0,0.000000,0,0,-,NONE,0,0.000000,0.000000,0.000000,0,0,0,0,dio_0uxj,reflection_context_unloaded,0.139574,0.264973,0.786368,0.043439,0.257071,WAIT,WAIT,0,1.000000,9999,0.000000,1.000000,none,temporal_far_return,24,24,0.166667,0.035000,1.000000,0.019523,0.607077,0.188199,focus_tone,0.595458,0.150977,0.150288,0.240048,0.303907,0.551022,0.384143,0.166947,0.217196,LONG,0.000000,0.000000,0.165746,NO_TRADE,0.000000,0.000000,99.56000000,99.56000000,99.56000000,99.56000000,0,99.56000000,0.000000,0.018375,-0.046957,-0.051286,-0.004054,0.000085,-0.001706,0.022429,0.049350,0.049579,0.019937,0.020000,0.029413,0.029579,0.000000,0.003173,0.000000,0.000000,0.002308,0.000000,0.000000,0.000000,0.000000,0.000000,0.028849,0.000000,0.000000,0.003173,0.000000,0.003173,0.000000,0.028849,0.003173,0.000000,0.000000,LONG,0.468529,-0.808341,0.000000,0.421963,-0.039259,0.055249,0.389008,0.423506,-0.340350
32,1769329600000000,dio_1tpjpx2,dio_1tpj,probe22_6ep_varianteB,0,0.000000,0.000000,0.000000,0.000000,0,0.000000,0,0,-,NONE,0,0.000000,0.000000,0.000000,0,0,0,0,dio_1tpj,reflection_context_unloaded,0.185901,0.253714,0.713547,0.056997,0.343450,WAIT,WAIT,0,1.000000,9999,0.000000,1.000000,none,temporal_far_return,24,24,0.166667,0.035000,1.000000,0.009470,0.612907,0.183978,focus_tone,0.822093,0.160538,0.149433,0.235875,0.305744,0.544870,0.449803,0.164818,0.284984,LONG,0.000000,0.000000,1.000000,NO_TRADE,0.000000,0.000000,99.04000000,99.04000000,99.04000000,99.04000000,0,99.04000000,0.000000,0.011309,-0.022009,-0.048944,-0.010580,0.002914,0.000846,0.021889,0.044688,0.049790,0.019456,0.020000,0.025231,0.029790,0.000000,0.027176,0.000000,0.000000,0.019764,0.000000,0.000000,0.000000,0.000000,0.000000,0.247056,0.000000,0.000000,0.027176,0.000000,0.027176,0.000000,0.247056,0.027176,0.000000,0.000000,LONG,0.658795,-1.000000,1.000000,-0.028423,-0.000772,-0.057537,0.999784,0.424872,-0.578329
33,1769329900000000,dio_02ju20g,dio_02ju,probe22_6ep_varianteB,0,0.000000,0.000000,0.000000,0.000000,0,0.000000,0,0,-,NONE,0,0.000000,0.000000,0.000000,0,0,0,0,dio_02ju,reflection_context_unloaded,0.135355,0.249702,0.825883,0.057002,0.231119,WAIT,WAIT,0,1.000000,9999,0.000000,1.000000,none,temporal_far_return,24,24,0.166667,0.035000,1.000000,0.005220,0.615372,0.182193,focus_tone,0.632115,0.152032,0.111824,0.168528,0.344963,0.553341,0.404995,0.119984,0.285010,SHORT,0.000000,0.000000,0.012804,NO_TRADE,0.000000,0.000000,100.03000000,100.03000000,100.03000000,100.03000000,0,100.03000000,0.000000,0.018159,-0.047488,-0.048968,-0.004332,0.002016,0.000514,0.022491,0.049504,0.049788,0.020000,0.019992,0.029504,0.029796,0.000000,0.000000,0.000421,0.000000,0.000000,0.000306,0.000000,0.000000,0.000000,0.000000,0.000000,0.003824,0.000000,0.000000,0.000421,0.000421,0.000000,0.003824,0.000421,0.000000,0.000000,SHORT,0.364842,-0.094256,0.000000,1.000000,-0.094613,-0.236876,0.373508,0.239325,0.139842
34,1769330200000000,dio_1etxwf0,dio_1etx,probe22_6ep_varianteB,0,0.000000,0.000000,0.000000,0.000000,0,0.000000,0,0,-,NONE,0,0.000000,0.000000,0.000000,0,0,0,0,dio_1etx,reflection_context_unloaded,0.068798,0.290893,0.860469,0.006009,0.145540,WAIT,WAIT,0,1.000000,9999,0.000000,1.000000,none,temporal_first_contact,0,-1,0.000000,0.000000,1.000000,1.000000,0.000000,0.720000,observation_tone,0.270297,0.000445,0.252282,0.199906,0.295677,0.434607,0.225008,0.194965,0.030044,LONG,0.000000,0.000000,0.368357,NO_TRADE,0.000000,0.000000,100.22000000,100.22000000,100.22000000,100.22000000,0,100.22000000,0.000000,0.024451,-0.050434,-0.051991,0.001981,-0.001565,-0.002636,0.022471,0.049821,0.049355,0.019974,0.020000,0.029848,0.029355,0.000000,0.001309,0.000000,0.000000,0.000952,0.000000,0.000000,0.000000,0.000000,0.000000,0.011897,0.000000,0.000000,0.001309,0.000000,0.001309,0.000000,0.011897,0.001309,0.000000,0.000000,LONG,0.258379,0.323386,-1.000000,0.064007,0.101380,0.344203,-0.228387,0.188643,0.265299
35,1769330500000000,dio_0iomdno,dio_0iom,probe22_6ep_varianteB,0,0.000000,0.000000,0.000000,0.000000,0,0.000000,0,0,-,NONE,0,0.000000,0.000000,0.000000,0,0,0,0,dio_0iom,reflection_context_unloaded,0.065567,0.296628,0.858281,0.001794,0.143513,WAIT,WAIT,0,1.000000,9999,0.000000,1.000000,none,temporal_first_contact,0,-1,0.000000,0.000000,1.000000,1.000000,0.000000,0.720000,observation_tone,0.257629,0.000923,0.263958,0.222288,0.282938,0.434185,0.218472,0.209503,0.008969,LONG,0.000000,0.000000,0.365429,NO_TRADE,0.000000,0.000000,100.21000000,100.21000000,100.21000000,100.21000000,0,100.21000000,0.000000,0.025026,-0.049516,-0.051883,0.002587,-0.001631,-0.002493,0.022439,0.049860,0.049389,0.019946,0.020000,0.029914,0.029389,0.000000,0.002716,0.000000,0.000000,0.001975,0.000000,0.000000,0.000000,0.000000,0.000000,0.024687,0.000000,0.000000,0.002716,0.000000,0.002716,0.000000,0.024687,0.002716,0.000000,0.000000,LONG,0.256284,0.362707,-1.000000,-0.258213,0.126956,0.081206,-0.235548,0.246973,0.157386
36,1769330800000000,dio_0cwn2s0,dio_0cwn,probe22_6ep_varianteB,0,0.000000,0.000000,0.000000,0.000000,0,0.000000,0,0,-,NONE,0,0.000000,0.000000,0.000000,0,0,0,0,dio_0cwn,reflection_context_unloaded,0.057892,0.318961,0.871351,0.000000,0.128649,WAIT,WAIT,0,1.000000,9999,0.000000,1.000000,none,temporal_first_contact,0,-1,0.000000,0.000000,1.000000,1.000000,0.000000,0.720000,observation_tone,0.198725,0.002186,0.312416,0.315746,0.229820,0.433071,0.189409,0.270076,-0.080668,LONG,0.000000,0.000000,1.000000,NO_TRADE,0.000000,0.000000,99.86000000,99.86000000,99.86000000,99.86000000,0,99.86000000,0.000000,0.026796,-0.045578,-0.051295,0.004440,-0.001223,-0.001719,0.022355,0.049032,0.049576,0.019871,0.020000,0.029161,0.029576,0.000000,0.006430,0.000000,0.000000,0.004677,0.000000,0.000000,0.000000,0.000000,0.000000,0.058456,0.000000,0.000000,0.006430,0.000000,0.006430,0.000000,0.058456,0.006430,0.000000,0.000000,LONG,0.230847,0.459971,-1.000000,-0.824948,-0.391552,-1.000000,-0.309634,0.489631,-0.140404
37,1769331100000000,dio_14ixzl1,dio_14ix,probe22_6ep_varianteB,0,0.000000,0.000000,0.000000,0.000000,0,0.000000,0,0,-,NONE,0,0.000000,0.000000,0.000000,0,0,0,0,dio_14ix,reflection_context_unloaded,0.064039,0.288423,0.876870,0.008630,0.131760,WAIT,WAIT,0,1.000000,9999,0.000000,1.000000,none,temporal_first_contact,0,-1,0.000000,0.000000,1.000000,1.000000,0.000000,0.720000,observation_tone,0.272585,0.000970,0.244234,0.183965,0.304663,0.434144,0.227880,0.184728,0.043152,LONG,0.000000,0.000000,1.000000,NO_TRADE,0.000000,0.000000,99.97000000,99.97000000,99.97000000,99.97000000,0,99.97000000,0.000000,0.025570,-0.049924,-0.052086,0.003134,-0.002060,-0.002761,0.022436,0.049939,0.049325,0.019943,0.020000,0.029996,0.029325,0.000000,0.002853,0.000000,0.000000,0.002075,0.000000,0.000000,0.000000,0.000000,0.000000,0.025940,0.000000,0.000000,0.002853,0.000000,0.002853,0.000000,0.025940,0.002853,0.000000,0.000000,LONG,0.207517,-0.033323,-1.000000,0.185098,-0.249132,0.208012,-0.269757,0.148247,0.067365
38,1769331400000000,dio_0w1xyt1,dio_0w1x,probe22_6ep_varianteB,0,0.000000,0.000000,0.000000,0.000000,0,0.000000,0,0,-,NONE,0,0.000000,0.000000,0.000000,0,0,0,0,dio_0w1x,reflection_context_unloaded,0.109257,0.246474,0.872916,0.052070,0.179153,WAIT,WAIT,0,1.000000,9999,0.000000,1.000000,none,temporal_far_return,24,24,0.166667,0.035000,1.000000,0.005972,0.614936,0.182508,observation_tone,0.426246,0.156022,0.091171,0.126329,0.368460,0.549649,0.353523,0.093174,0.260349,LONG,0.000000,0.000000,1.000000,NO_TRADE,0.000000,0.000000,100.01000000,100.01000000,100.01000000,100.01000000,0,100.01000000,0.000000,0.025124,-0.041108,-0.051960,0.002905,-0.002074,-0.002595,0.022220,0.048099,0.049365,0.019751,0.020000,0.028349,0.029365,0.000000,0.012464,0.000000,0.000000,0.009065,0.000000,0.000000,0.000000,0.000000,0.000000,0.113311,0.000000,0.000000,0.012464,0.000000,0.012464,0.000000,0.113311,0.012464,0.000000,0.000000,LONG,0.227036,-0.116411,-1.000000,0.136713,-0.155722,0.122349,-0.243602,0.136170,-0.007909
39,1769331700000000,dio_16ssupq,dio_16ss,probe22_6ep_varianteB,0,0.000000,0.000000,0.000000,0.000000,0,0.000000,0,0,-,NONE,0,0.000000,0.000000,0.000000,0,0,0,0,dio_16ss,reflection_context_unloaded,0.086994,0.307611,0.808216,0.000691,0.192475,WAIT,WAIT,0,1.000000,9999,0.000000,1.000000,none,temporal_first_contact,0,-1,0.000000,0.000000,1.000000,1.000000,0.000000,0.720000,focus_tone,0.437451,0.001755,0.300956,0.293645,0.242395,0.433451,0.259209,0.255752,0.003457,SHORT,0.000000,0.000000,1.000000,NO_TRADE,0.000000,0.000000,100.83000000,100.83000000,100.83000000,100.83000000,0,100.83000000,0.000000,0.021899,-0.050581,-0.049227,-0.000485,-0.000772,-0.003219,0.022384,0.049808,0.049763,0.020000,0.019897,0.029808,0.029867,0.000000,0.000000,0.005163,0.000000,0.000000,0.003755,0.000000,0.000000,0.000000,0.000000,0.000000,0.046936,0.000000,0.000000,0.005163,0.005163,0.000000,0.046936,0.005163,0.000000,0.000000,SHORT,0.375490,0.343723,0.000000,0.984761,0.309771,0.716639,0.313264,0.432029,0.572155
40,1769332000000000,dio_0ims82y,dio_0ims,probe22_6ep_varianteB,0,0.000000,0.000000,0.000000,0.000000,0,0.000000,0,0,-,NONE,0,0.000000,0.000000,0.000000,0,0,0,0,dio_0ims,reflection_context_unloaded,0.128677,0.297777,0.743959,0.013459,0.269500,WAIT,WAIT,0,1.000000,9999,0.000000,1.000000,none,temporal_first_contact,0,-1,0.000000,0.000000,1.000000,1.000000,0.000000,0.720000,focus_tone,0.660666,0.002646,0.300206,0.292023,0.243227,0.432666,0.322034,0.254740,0.067294,SHORT,0.000000,0.000000,1.000000,NO_TRADE,0.000000,0.000000,100.84000000,100.84000000,100.84000000,100.84000000,0,100.84000000,0.000000,0.014949,-0.045281,-0.041018,-0.007376,0.003799,0.001482,0.022325,0.049079,0.048159,0.020000,0.019844,0.029079,0.028315,0.000000,0.000000,0.007781,0.000000,0.000000,0.005659,0.000000,0.000000,0.000000,0.000000,0.000000,0.070740,0.000000,0.000000,0.007781,0.007781,0.000000,0.070740,0.007781,0.000000,0.000000,SHORT,0.565923,0.545208,1.000000,-0.348271,0.344090,-0.077855,0.903655,0.429228,0.206160
41,1769332300000000,dio_16qxqru,dio_16qx,probe22_6ep_varianteB,0,0.000000,0.000000,0.000000,0.000000,0,0.000000,0,0,-,NONE,0,0.000000,0.000000,0.000000,0,0,0,0,dio_16qx,reflection_context_unloaded,0.093696,0.294950,0.814541,0.010239,0.195698,WAIT,WAIT,0,1.000000,9999,0.000000,1.000000,none,temporal_first_contact,0,-1,0.000000,0.000000,1.000000,1.000000,0.000000,0.720000,focus_tone,0.468084,0.001734,0.275159,0.243626,0.270758,0.433470,0.274590,0.223393,0.051197,SHORT,0.000000,0.000000,1.000000,NO_TRADE,0.000000,0.000000,100.32000000,100.32000000,100.32000000,100.32000000,0,100.32000000,0.000000,0.019273,-0.048851,-0.045882,-0.003112,0.000921,-0.000480,0.022385,0.049772,0.049112,0.020000,0.019898,0.029772,0.029214,0.000000,0.000000,0.005100,0.000000,0.000000,0.003709,0.000000,0.000000,0.000000,0.000000,0.000000,0.046367,0.000000,0.000000,0.005100,0.005100,0.000000,0.046367,0.005100,0.000000,0.000000,SHORT,0.370936,0.194503,0.000000,-0.895131,0.186147,0.042614,0.347879,0.303094,-0.097387
42,1769332600000000,dio_0h5vmdp,dio_0h5v,probe22_6ep_varianteB,0,0.000000,0.000000,0.000000,0.000000,0,0.000000,0,0,-,NONE,0,0.000000,0.000000,0.000000,0,0,0,0,dio_0h5v,reflection_context_unloaded,0.037598,0.291705,0.941251,0.011161,0.069910,WAIT,WAIT,0,1.000000,9999,0.000000,1.000000,none,temporal_first_contact,0,-1,0.000000,0.000000,1.000000,1.000000,0.000000,0.720000,observation_tone,0.285871,0.000000,0.238052,0.172588,0.311211,0.435000,0.233035,0.177230,0.055805,WAIT,0.000000,0.000000,0.000000,NO_TRADE,0.000000,0.000000,100.30000000,100.30000000,100.30000000,100.30000000,0,100.30000000,0.000000,0.024726,-0.050925,-0.051230,0.002226,-0.001229,-0.001632,0.022500,0.049696,0.049597,0.020000,0.020000,0.029696,0.029597,0.000000,0.000000,0.000000,0.000000,0.000000,0.000000,0.000000,0.000000,0.000000,0.000000,0.000000,0.000000,0.000000,0.000000,0.000000,0.000000,0.000000,0.000000,0.000000,0.000000,0.000000,-,0.000000,0.161095,-1.000000,-0.138510,0.066273,-0.082278,-0.218556,0.117656,0.040515
43,1769332900000000,dio_0u94lb0,dio_0u94,probe22_6ep_varianteB,0,0.000000,0.000000,0.000000,0.000000,0,0.000000,0,0,-,NONE,0,0.000000,0.000000,0.000000,0,0,0,0,dio_0u94,reflection_context_unloaded,0.100989,0.294268,0.796968,0.009625,0.212657,WAIT,WAIT,0,1.000000,9999,0.000000,1.000000,none,temporal_first_contact,0,-1,0.000000,0.000000,1.000000,1.000000,0.000000,0.720000,focus_tone,0.469621,0.000306,0.277098,0.248089,0.268371,0.434730,0.274246,0.226120,0.048126,LONG,0.000000,0.000000,0.150966,NO_TRADE,0.000000,0.000000,99.86000000,99.86000000,99.86000000,99.86000000,0,99.86000000,0.000000,0.018620,-0.048211,-0.050295,-0.003860,0.000766,-0.000393,0.022480,0.049631,0.049902,0.019982,0.020000,0.029649,0.029902,0.000000,0.000900,0.000000,0.000000,0.000654,0.000000,0.000000,0.000000,0.000000,0.000000,0.008179,0.000000,0.000000,0.000900,0.000000,0.000900,0.000000,0.008179,0.000900,0.000000,0.000000,LONG,0.433410,-0.534453,0.000000,-0.292728,-0.098357,-0.199275,0.372460,0.312617,-0.409403
44,1769333200000000,dio_1j5a12x,dio_1j5a,probe22_6ep_varianteB,0,0.000000,0.000000,0.000000,0.000000,0,0.000000,0,0,-,NONE,0,0.000000,0.000000,0.000000,0,0,0,0,dio_1j5a,reflection_context_unloaded,0.138269,0.295430,0.724401,0.014249,0.289848,WAIT,WAIT,0,1.000000,9999,0.000000,1.000000,none,temporal_first_contact,0,-1,0.000000,0.000000,1.000000,1.000000,0.000000,0.720000,focus_tone,0.672014,0.002942,0.299888,0.290943,0.243808,0.432404,0.325393,0.254147,0.071246,LONG,0.000000,0.000000,1.000000,NO_TRADE,0.000000,0.000000,99.30000000,99.30000000,99.30000000,99.30000000,0,99.30000000,0.000000,0.012310,-0.038490,-0.049049,-0.009995,0.002908,0.000762,0.022305,0.047691,0.049811,0.019827,0.020000,0.027864,0.029811,0.000000,0.008652,0.000000,0.000000,0.006292,0.000000,0.000000,0.000000,0.000000,0.000000,0.078654,0.000000,0.000000,0.008652,0.000000,0.008652,0.000000,0.078654,0.008652,0.000000,0.000000,LONG,0.629231,-0.848429,1.000000,-0.262247,-0.067581,0.038217,0.981077,0.426684,-0.530416
45,1769333500000000,dio_19pal6b,dio_19pa,probe22_6ep_varianteB,0,0.000000,0.000000,0.000000,0.000000,0,0.000000,0,0,-,NONE,0,0.000000,0.000000,0.000000,0,0,0,0,dio_19pa,reflection_context_unloaded,0.135817,0.250215,0.823876,0.056561,0.232685,WAIT,WAIT,0,1.000000,9999,0.000000,1.000000,none,temporal_far_return,24,24,0.166667,0.035000,1.000000,0.001798,0.617357,0.180755,focus_tone,0.630885,0.153247,0.113151,0.171393,0.343363,0.553046,0.404578,0.121772,0.282806,SHORT,0.000000,0.000000,0.167702,NO_TRADE,0.000000,0.000000,100.53000000,100.53000000,100.53000000,100.53000000,0,100.53000000,0.000000,0.018916,-0.048487,-0.048513,-0.003526,0.001213,-0.000735,0.022442,0.049700,0.049663,0.020000,0.019948,0.029700,0.029715,0.000000,0.000000,0.002593,0.000000,0.000000,0.001886,0.000000,0.000000,0.000000,0.000000,0.000000,0.023576,0.000000,0.000000,0.002593,0.002593,0.000000,0.023576,0.002593,0.000000,0.000000,SHORT,0.367583,0.116295,0.000000,1.000000,0.093441,0.335404,0.373836,0.248089,0.372206
46,1769333800000000,dio_043ccxh,dio_043c,probe22_6ep_varianteB,0,0.000000,0.000000,0.000000,0.000000,0,0.000000,0,0,-,NONE,0,0.000000,0.000000,0.000000,0,0,0,0,dio_043c,reflection_context_unloaded,0.148106,0.233313,0.822843,0.068386,0.245543,WAIT,WAIT,0,1.000000,9999,0.000000,1.000000,none,temporal_far_return,24,24,0.166667,0.035000,1.000000,0.005902,0.614977,0.182479,focus_tone,0.664762,0.153922,0.080896,0.107417,0.379396,0.551518,0.422638,0.080709,0.341929,LONG,0.000000,0.000000,0.413534,NO_TRADE,0.000000,0.000000,100.46000000,100.46000000,100.46000000,100.46000000,0,100.46000000,0.000000,0.017258,-0.041187,-0.048115,-0.005102,0.002476,0.001511,0.022359,0.048215,0.049627,0.019875,0.020000,0.028340,0.029627,0.000000,0.006259,0.000000,0.000000,0.004552,0.000000,0.000000,0.000000,0.000000,0.000000,0.056897,0.000000,0.000000,0.006259,0.000000,0.006259,0.000000,0.056897,0.006259,0.000000,0.000000,LONG,0.387493,0.088623,0.000000,-0.165961,0.049333,-0.131579,0.386187,0.084495,-0.016518
47,1769334100000000,dio_0jikllc,dio_0jik,probe22_6ep_varianteB,0,0.000000,0.000000,0.000000,0.000000,0,0.000000,0,0,-,NONE,0,0.000000,0.000000,0.000000,0,0,0,0,dio_0jik,reflection_context_unloaded,0.142518,0.246866,0.812060,0.057945,0.245885,WAIT,WAIT,0,1.000000,9999,0.000000,1.000000,none,temporal_far_return,24,24,0.166667,0.035000,1.000000,0.009920,0.612646,0.184167,focus_tone,0.631612,0.156737,0.110171,0.161664,0.348184,0.548122,0.406098,0.116374,0.289724,LONG,0.000000,0.000000,1.000000,NO_TRADE,0.000000,0.000000,100.30000000,100.30000000,100.30000000,100.30000000,0,100.30000000,0.000000,0.017953,-0.032167,-0.048146,-0.004183,0.002544,0.001487,0.022136,0.046480,0.049633,0.019676,0.020000,0.026803,0.029633,0.000000,0.016181,0.000000,0.000000,0.011768,0.000000,0.000000,0.000000,0.000000,0.000000,0.147104,0.000000,0.000000,0.016181,0.000000,0.016181,0.000000,0.147104,0.016181,0.000000,0.000000,LONG,0.391943,0.244787,0.000000,-0.402243,-0.146017,-0.410498,0.359115,0.228497,-0.041557
48,1769334400000000,dio_0ma9fft,dio_0ma9,probe22_6ep_varianteB,0,0.000000,0.000000,0.000000,0.000000,0,0.000000,0,0,-,NONE,0,0.000000,0.000000,0.000000,0,0,0,0,dio_0ma9,reflection_context_unloaded,0.089240,0.307279,0.802696,0.000453,0.197757,WAIT,WAIT,0,1.000000,9999,0.000000,1.000000,none,temporal_first_contact,0,-1,0.000000,0.000000,1.000000,1.000000,0.000000,0.720000,focus_tone,0.435209,0.001840,0.301371,0.294347,0.241988,0.433377,0.258495,0.256229,0.002266,LONG,0.000000,0.000000,1.000000,NO_TRADE,0.000000,0.000000,100.11000000,100.11000000,100.11000000,100.11000000,0,100.11000000,0.000000,0.019935,-0.042759,-0.049748,-0.002443,0.001824,0.000202,0.022378,0.048518,0.049950,0.019892,0.020000,0.028626,0.029950,0.000000,0.005410,0.000000,0.000000,0.003935,0.000000,0.000000,0.000000,0.000000,0.000000,0.049185,0.000000,0.000000,0.005410,0.000000,0.005410,0.000000,0.049185,0.005410,0.000000,0.000000,LONG,0.393481,0.453172,0.000000,-0.584469,-0.357319,-0.340741,0.299951,0.433921,0.045356
49,1769334700000000,dio_0evwhhe,dio_0evw,probe22_6ep_varianteB,0,0.000000,0.000000,0.000000,0.000000,0,0.000000,0,0,-,NONE,0,0.000000,0.000000,0.000000,0,0,0,0,dio_0evw,reflection_context_unloaded,0.180667,0.237465,0.756304,0.071004,0.314700,WAIT,WAIT,0,1.000000,9999,0.000000,1.000000,none,temporal_far_return,24,24,0.166667,0.035000,1.000000,0.004817,0.615606,0.182023,focus_tone,0.853848,0.159640,0.108585,0.158481,0.349916,0.546720,0.469359,0.114339,0.355019,LONG,0.000000,0.000000,1.000000,NO_TRADE,0.000000,0.000000,100.04000000,100.04000000,100.04000000,100.04000000,0,100.04000000,0.000000,0.011680,-0.024087,-0.046990,-0.010311,0.004534,0.002417,0.021991,0.045080,0.049408,0.019547,0.020000,0.025533,0.029408,0.000000,0.022632,0.000000,0.000000,0.016459,0.000000,0.000000,0.000000,0.000000,0.000000,0.205742,0.000000,0.000000,0.022632,0.000000,0.022632,0.000000,0.205742,0.022632,0.000000,0.000000,LONG,0.549466,-0.270787,1.000000,0.077245,-0.232791,0.161031,0.934819,0.223862,-0.100896
50,1769335000000000,dio_16i3kk4,dio_16i3,probe22_6ep_varianteB,0,0.000000,0.000000,0.000000,0.000000,0,0.000000,0,0,-,NONE,0,0.000000,0.000000,0.000000,0,0,0,0,dio_16i3,reflection_context_unloaded,0.144850,0.240017,0.818851,0.063333,0.244482,WAIT,WAIT,0,1.000000,9999,0.000000,1.000000,none,temporal_far_return,24,24,0.166667,0.035000,1.000000,0.006902,0.614397,0.182899,focus_tone,0.647997,0.156980,0.095358,0.133520,0.364246,0.548593,0.414699,0.098036,0.316663,LONG,0.000000,0.000000,1.000000,NO_TRADE,0.000000,0.000000,100.26000000,100.26000000,100.26000000,100.26000000,0,100.26000000,0.000000,0.017083,-0.032973,-0.048983,-0.005065,0.002261,0.000814,0.022148,0.046623,0.049798,0.019687,0.020000,0.026936,0.029798,0.000000,0.015660,0.000000,0.000000,0.011389,0.000000,0.000000,0.000000,0.000000,0.000000,0.142366,0.000000,0.000000,0.015660,0.000000,0.015660,0.000000,0.142366,0.015660,0.000000,0.000000,LONG,0.379360,-0.110602,0.000000,0.399392,-0.108660,0.076775,0.369575,0.155993,0.049272
51,1769335300000000,dio_0byk7ox,dio_0byk,probe22_6ep_varianteB,0,0.000000,0.000000,0.000000,0.000000,0,0.000000,0,0,-,NONE,0,0.000000,0.000000,0.000000,0,0,0,0,dio_0byk,reflection_context_unloaded,0.054267,0.325423,0.879407,0.000000,0.120593,WAIT,WAIT,0,1.000000,9999,0.000000,1.000000,none,temporal_first_contact,0,-1,0.000000,0.000000,1.000000,1.000000,0.000000,0.720000,observation_tone,0.181398,0.001015,0.325395,0.341759,0.215189,0.434104,0.180880,0.286713,-0.105833,SHORT,0.000000,0.000000,1.000000,NO_TRADE,0.000000,0.000000,101.12000000,101.12000000,101.12000000,101.12000000,0,101.12000000,0.000000,0.027230,-0.052930,-0.053124,0.004798,-0.003867,-0.006368,0.022433,0.049063,0.048926,0.020000,0.019940,0.029063,0.028986,0.000000,0.000000,0.002985,0.000000,0.000000,0.002171,0.000000,0.000000,0.000000,0.000000,0.000000,0.027139,0.000000,0.000000,0.002985,0.002985,0.000000,0.027139,0.002985,0.000000,0.000000,SHORT,0.217115,0.454193,-1.000000,0.967686,0.499057,1.000000,-0.339736,0.555195,0.686593
52,1769335600000000,dio_1u6nie5,dio_1u6n,probe22_6ep_varianteB,0,0.000000,0.000000,0.000000,0.000000,0,0.000000,0,0,-,NONE,0,0.000000,0.000000,0.000000,0,0,0,0,dio_1u6n,reflection_context_unloaded,0.090440,0.310208,0.799023,0.000000,0.200977,WAIT,WAIT,0,1.000000,9999,0.000000,1.000000,none,temporal_first_contact,0,-1,0.000000,0.000000,1.000000,1.000000,0.000000,0.720000,observation_tone,0.425430,0.001910,0.308845,0.308842,0.233762,0.433314,0.253793,0.265606,-0.011813,SHORT,0.000000,0.000000,1.000000,NO_TRADE,0.000000,0.000000,101.15000000,101.15000000,101.15000000,101.15000000,0,101.15000000,0.000000,0.020592,-0.049356,-0.046792,-0.001782,0.000516,-0.001600,0.022374,0.049872,0.049279,0.020000,0.019888,0.029872,0.029391,0.000000,0.000000,0.005619,0.000000,0.000000,0.004086,0.000000,0.000000,0.000000,0.000000,0.000000,0.051080,0.000000,0.000000,0.005619,0.005619,0.000000,0.051080,0.005619,0.000000,0.000000,SHORT,0.408638,0.577143,0.000000,-0.340280,0.415592,0.119048,0.283634,0.471394,0.265342
53,1769335900000000,dio_0unlqm4,dio_0unl,probe22_6ep_varianteB,0,0.000000,0.000000,0.000000,0.000000,0,0.000000,0,0,-,NONE,0,0.000000,0.000000,0.000000,0,0,0,0,dio_0unl,reflection_context_unloaded,0.145778,0.243399,0.814223,0.062178,0.247955,WAIT,WAIT,0,1.000000,9999,0.000000,1.000000,none,temporal_far_return,48,24,0.285714,0.065100,1.000000,0.005171,0.644054,0.182172,focus_tone,0.650097,0.171069,0.104147,0.149296,0.357112,0.557589,0.419421,0.108529,0.310892,SHORT,0.000000,0.000000,1.000000,NO_TRADE,0.000000,0.000000,100.21000000,100.21000000,100.21000000,100.21000000,0,100.21000000,0.000000,0.017061,-0.046806,-0.024805,-0.004865,0.002566,0.001762,0.021925,0.049372,0.045142,0.020000,0.019489,0.029372,0.025653,0.000000,0.000000,0.025541,0.000000,0.000000,0.018575,0.000000,0.000000,0.000000,0.000000,0.000000,0.232192,0.000000,0.000000,0.025541,0.025541,0.000000,0.232192,0.025541,0.000000,0.000000,SHORT,0.373042,0.094407,0.000000,-1.000000,-0.004430,-0.517241,0.398759,0.201512,-0.290581
54,1769336200000000,dio_0ast4n5,dio_0ast,probe22_6ep_varianteB,0,0.000000,0.000000,0.000000,0.000000,0,0.000000,0,0,-,NONE,0,0.000000,0.000000,0.000000,0,0,0,0,dio_0ast,reflection_context_unloaded,0.107923,0.256747,0.861488,0.045592,0.184104,WAIT,WAIT,0,1.000000,9999,0.000000,1.000000,none,temporal_far_return,48,24,0.285714,0.065100,1.000000,0.003689,0.644913,0.181549,observation_tone,0.416004,0.164605,0.113750,0.171735,0.345100,0.563630,0.350140,0.122179,0.227961,LONG,0.000000,0.000000,0.337678,NO_TRADE,0.000000,0.000000,99.64000000,99.64000000,99.64000000,99.64000000,0,99.64000000,0.000000,0.023853,-0.047310,-0.052221,0.001486,-0.002243,-0.002938,0.022367,0.049374,0.049283,0.019882,0.020000,0.029493,0.029283,0.000000,0.005922,0.000000,0.000000,0.004307,0.000000,0.000000,0.000000,0.000000,0.000000,0.053834,0.000000,0.000000,0.005922,0.000000,0.005922,0.000000,0.053834,0.005922,0.000000,0.000000,LONG,0.255645,-0.343551,-1.000000,-0.616497,-0.017769,0.165877,-0.204975,0.250394,-0.307173
55,1769336500000000,dio_0lhbr16,dio_0lhb,probe22_6ep_varianteB,0,0.000000,0.000000,0.000000,0.000000,0,0.000000,0,0,-,NONE,0,0.000000,0.000000,0.000000,0,0,0,0,dio_0lhb,reflection_context_unloaded,0.099321,0.306556,0.779286,0.000000,0.220714,WAIT,WAIT,0,1.000000,9999,0.000000,1.000000,none,temporal_first_contact,0,-1,0.000000,0.000000,1.000000,1.000000,0.000000,0.720000,focus_tone,0.444320,0.000368,0.304628,0.301505,0.238077,0.434675,0.259900,0.260668,-0.000768,LONG,0.000000,0.000000,0.165953,NO_TRADE,0.000000,0.000000,99.55000000,99.55000000,99.55000000,99.55000000,0,99.55000000,0.000000,0.018529,-0.049093,-0.051460,-0.003947,-0.000078,-0.001937,0.022476,0.049802,0.049523,0.019978,0.020000,0.029824,0.029523,0.000000,0.001082,0.000000,0.000000,0.000787,0.000000,0.000000,0.000000,0.000000,0.000000,0.009840,0.000000,0.000000,0.001082,0.000000,0.001082,0.000000,0.009840,0.001082,0.000000,0.000000,LONG,0.474369,-0.862562,0.000000,0.443509,-0.040852,0.042827,0.388561,0.450395,-0.368027
56,1769336800000000,dio_1pulf0x,dio_1pul,probe22_6ep_varianteB,0,0.000000,0.000000,0.000000,0.000000,0,0.000000,0,0,-,NONE,0,0.000000,0.000000,0.000000,0,0,0,0,dio_1pul,reflection_context_unloaded,0.141746,0.295486,0.715455,0.013701,0.298246,WAIT,WAIT,0,1.000000,9999,0.000000,1.000000,none,temporal_first_contact,0,-1,0.000000,0.000000,1.000000,1.000000,0.000000,0.720000,focus_tone,0.672574,0.003072,0.301832,0.294641,0.241698,0.432290,0.325062,0.256555,0.068506,LONG,0.000000,0.000000,1.000000,NO_TRADE,0.000000,0.000000,98.94000000,98.94000000,98.94000000,98.94000000,0,98.94000000,0.000000,0.011754,-0.038221,-0.049102,-0.010543,0.002845,0.000720,0.022297,0.047637,0.049821,0.019819,0.020000,0.027817,0.029821,0.000000,0.009034,0.000000,0.000000,0.006570,0.000000,0.000000,0.000000,0.000000,0.000000,0.082131,0.000000,0.000000,0.009034,0.000000,0.009034,0.000000,0.082131,0.009034,0.000000,0.000000,LONG,0.657046,-1.000000,1.000000,-0.092529,0.003776,-0.038846,0.998943,0.436390,-0.589976
57,1769337100000000,dio_02ju20g,dio_02ju,probe22_6ep_varianteB,0,0.000000,0.000000,0.000000,0.000000,0,0.000000,0,0,-,NONE,0,0.000000,0.000000,0.000000,0,0,0,0,dio_02ju,reflection_context_unloaded,0.137234,0.249297,0.825127,0.058541,0.233415,WAIT,WAIT,0,1.000000,9999,0.000000,1.000000,none,temporal_far_return,48,24,0.285714,0.065100,1.000000,0.002841,0.645405,0.181193,focus_tone,0.638990,0.162874,0.111769,0.168862,0.346938,0.565349,0.412807,0.120100,0.292707,SHORT,0.000000,0.000000,0.018496,NO_TRADE,0.000000,0.000000,100.04000000,100.04000000,100.04000000,100.04000000,0,100.04000000,0.000000,0.018191,-0.047502,-0.048940,-0.004298,0.002005,0.000489,0.022489,0.049507,0.049781,0.020000,0.019990,0.029507,0.029791,0.000000,0.000000,0.000485,0.000000,0.000000,0.000353,0.000000,0.000000,0.000000,0.000000,0.000000,0.004408,0.000000,0.000000,0.000485,0.000485,0.000000,0.004408,0.000485,0.000000,0.000000,SHORT,0.364595,-0.094247,0.000000,1.000000,-0.097326,-0.252774,0.372749,0.240460,0.136667
58,1769337400000000,dio_1mhrxqu,dio_1mhr,probe22_6ep_varianteB,0,0.000000,0.000000,0.000000,0.000000,0,0.000000,0,0,-,NONE,0,0.000000,0.000000,0.000000,0,0,0,0,dio_1mhr,reflection_context_unloaded,0.069245,0.290357,0.860313,0.006386,0.146073,WAIT,WAIT,0,1.000000,9999,0.000000,1.000000,none,temporal_first_contact,0,-1,0.000000,0.000000,1.000000,1.000000,0.000000,0.720000,observation_tone,0.271533,0.000510,0.251292,0.197936,0.296787,0.434550,0.225630,0.193702,0.031929,LONG,0.000000,0.000000,0.420561,NO_TRADE,0.000000,0.000000,100.22000000,100.22000000,100.22000000,100.22000000,0,100.22000000,0.000000,0.024425,-0.050309,-0.051972,0.001959,-0.001542,-0.002611,0.022466,0.049858,0.049361,0.019970,0.020000,0.029888,0.029361,0.000000,0.001499,0.000000,0.000000,0.001090,0.000000,0.000000,0.000000,0.000000,0.000000,0.013630,0.000000,0.000000,0.001499,0.000000,0.001499,0.000000,0.013630,0.001499,0.000000,0.000000,LONG,0.259281,0.323386,-1.000000,0.048549,0.095369,0.332944,-0.226703,0.183645,0.259337
59,1769337700000000,dio_0iomdno,dio_0iom,probe22_6ep_varianteB,0,0.000000,0.000000,0.000000,0.000000,0,0.000000,0,0,-,NONE,0,0.000000,0.000000,0.000000,0,0,0,0,dio_0iom,reflection_context_unloaded,0.105477,0.257402,0.862786,0.043731,0.180945,WAIT,WAIT,0,1.000000,9999,0.000000,1.000000,none,temporal_far_return,24,24,0.166667,0.035000,1.000000,0.003945,0.616112,0.181657,observation_tone,0.404741,0.153428,0.113867,0.172160,0.342819,0.552399,0.341064,0.122409,0.218655,LONG,0.000000,0.000000,0.404494,NO_TRADE,0.000000,0.000000,100.21000000,100.21000000,100.21000000,100.21000000,0,100.21000000,0.000000,0.025037,-0.048372,-0.051943,0.002627,-0.001670,-0.002572,0.022410,0.049613,0.049370,0.019920,0.020000,0.029693,0.029370,0.000000,0.004003,0.000000,0.000000,0.002911,0.000000,0.000000,0.000000,0.000000,0.000000,0.036394,0.000000,0.000000,0.004003,0.000000,0.004003,0.000000,0.036394,0.004003,0.000000,0.000000,LONG,0.256749,0.368324,-1.000000,-0.262552,0.128128,0.095506,-0.235876,0.250518,0.162350
60,1769338000000000,dio_0cwn2s0,dio_0cwn,probe22_6ep_varianteB,0,0.000000,0.000000,0.000000,0.000000,0,0.000000,0,0,-,NONE,0,0.000000,0.000000,0.000000,0,0,0,0,dio_0cwn,reflection_context_unloaded,0.088192,0.284681,0.856274,0.023515,0.167241,WAIT,WAIT,0,1.000000,9999,0.000000,1.000000,none,temporal_far_return,24,24,0.166667,0.035000,1.000000,0.016922,0.608585,0.187107,observation_tone,0.338903,0.153526,0.169106,0.275904,0.283432,0.549364,0.307860,0.190286,0.117574,LONG,0.000000,0.000000,1.000000,NO_TRADE,0.000000,0.000000,99.86000000,99.86000000,99.86000000,99.86000000,0,99.86000000,0.000000,0.026901,-0.042753,-0.051410,0.004617,-0.001290,-0.001870,0.022284,0.048449,0.049540,0.019808,0.020000,0.028641,0.029540,0.000000,0.009604,0.000000,0.000000,0.006985,0.000000,0.000000,0.000000,0.000000,0.000000,0.087312,0.000000,0.000000,0.009604,0.000000,0.009604,0.000000,0.087312,0.009604,0.000000,0.000000,LONG,0.236804,0.516587,-1.000000,-0.862791,-0.390866,-1.000000,-0.309443,0.519177,-0.117781
61,1769338300000000,dio_04uiq6u,dio_04ui,probe22_6ep_varianteB,0,0.000000,0.000000,0.000000,0.000000,0,0.000000,0,0,-,NONE,0,0.000000,0.000000,0.000000,0,0,0,0,dio_04ui,reflection_context_unloaded,0.064031,0.288610,0.876556,0.008481,0.131925,WAIT,WAIT,0,1.000000,9999,0.000000,1.000000,none,temporal_first_contact,0,-1,0.000000,0.000000,1.000000,1.000000,0.000000,0.720000,observation_tone,0.272230,0.000974,0.244662,0.184793,0.304193,0.434141,0.227668,0.185264,0.042404,LONG,0.000000,0.000000,1.000000,NO_TRADE,0.000000,0.000000,99.97000000,99.97000000,99.97000000,99.97000000,0,99.97000000,0.000000,0.025590,-0.049947,-0.052127,0.003154,-0.002088,-0.002814,0.022436,0.049941,0.049313,0.019943,0.020000,0.029999,0.029313,0.000000,0.002864,0.000000,0.000000,0.002083,0.000000,0.000000,0.000000,0.000000,0.000000,0.026033,0.000000,0.000000,0.002864,0.000000,0.002864,0.000000,0.026033,0.002864,0.000000,0.000000,LONG,0.208264,-0.038873,-1.000000,0.188807,-0.247261,0.209268,-0.269233,0.150386,0.065398
62,1769338600000000,dio_0w1xyt1,dio_0w1x,probe22_6ep_varianteB,0,0.000000,0.000000,0.000000,0.000000,0,0.000000,0,0,-,NONE,0,0.000000,0.000000,0.000000,0,0,0,0,dio_0w1x,reflection_context_unloaded,0.111977,0.245622,0.870935,0.053898,0.182963,WAIT,WAIT,0,1.000000,9999,0.000000,1.000000,none,temporal_far_return,48,24,0.285714,0.065100,1.000000,0.000659,0.646670,0.180277,observation_tone,0.433900,0.168312,0.090520,0.125505,0.371071,0.561047,0.362031,0.092541,0.269490,LONG,0.000000,0.000000,1.000000,NO_TRADE,0.000000,0.000000,100.01000000,100.01000000,100.01000000,100.01000000,0,100.01000000,0.000000,0.025072,-0.038288,-0.051977,0.002923,-0.002083,-0.002618,0.022149,0.047541,0.049360,0.019688,0.020000,0.027852,0.029360,0.000000,0.015586,0.000000,0.000000,0.011335,0.000000,0.000000,0.000000,0.000000,0.000000,0.141691,0.000000,0.000000,0.015586,0.000000,0.015586,0.000000,0.141691,0.015586,0.000000,0.000000,LONG,0.227064,-0.116411,-1.000000,0.136713,-0.155420,0.118671,-0.243518,0.136043,-0.008645
63,1769338900000000,dio_1o1w3bl,dio_1o1w,probe22_6ep_varianteB,0,0.000000,0.000000,0.000000,0.000000,0,0.000000,0,0,-,NONE,0,0.000000,0.000000,0.000000,0,0,0,0,dio_1o1w,reflection_context_unloaded,0.086977,0.310338,0.806718,0.000000,0.193282,WAIT,WAIT,0,1.000000,9999,0.000000,1.000000,none,temporal_first_contact,0,-1,0.000000,0.000000,1.000000,1.000000,0.000000,0.720000,observation_tone,0.430742,0.001784,0.307315,0.305967,0.235405,0.433426,0.255657,0.263725,-0.008068,SHORT,0.000000,0.000000,1.000000,NO_TRADE,0.000000,0.000000,100.94000000,100.94000000,100.94000000,100.94000000,0,100.94000000,0.000000,0.022190,-0.050683,-0.049451,-0.000192,-0.000908,-0.003460,0.022382,0.049775,0.049806,0.020000,0.019895,0.029775,0.029911,0.000000,0.000000,0.005247,0.000000,0.000000,0.003816,0.000000,0.000000,0.000000,0.000000,0.000000,0.047702,0.000000,0.000000,0.005247,0.005247,0.000000,0.047702,0.005247,0.000000,0.000000,SHORT,0.381619,0.404706,0.000000,1.000000,0.318691,0.743671,0.310767,0.463827,0.615369
64,1769339200000000,dio_0b44ddz,dio_0b44,probe22_6ep_varianteB,0,0.000000,0.000000,0.000000,0.000000,0,0.000000,0,0,-,NONE,0,0.000000,0.000000,0.000000,0,0,0,0,dio_0b44,reflection_context_unloaded,0.091759,0.308816,0.796090,0.000000,0.203910,WAIT,WAIT,0,1.000000,9999,0.000000,1.000000,none,temporal_first_contact,0,-1,0.000000,0.000000,1.000000,1.000000,0.000000,0.720000,observation_tone,0.430969,0.001945,0.306280,0.303837,0.236596,0.433284,0.256029,0.262375,-0.006346,SHORT,0.000000,0.000000,1.000000,NO_TRADE,0.000000,0.000000,100.93000000,100.93000000,100.93000000,100.93000000,0,100.93000000,0.000000,0.021408,-0.049473,-0.046450,-0.000964,0.000422,-0.001400,0.022371,0.049895,0.049211,0.020000,0.019886,0.029895,0.029325,0.000000,0.000000,0.005721,0.000000,0.000000,0.004160,0.000000,0.000000,0.000000,0.000000,0.000000,0.052005,0.000000,0.000000,0.005721,0.005721,0.000000,0.052005,0.005721,0.000000,0.000000,SHORT,0.416043,0.595278,0.000000,-0.411035,0.339890,-0.107973,0.304831,0.458536,0.213113
65,1769339500000000,dio_0v3b0zs,dio_0v3b,probe22_6ep_varianteB,0,0.000000,0.000000,0.000000,0.000000,0,0.000000,0,0,-,NONE,0,0.000000,0.000000,0.000000,0,0,0,0,dio_0v3b,reflection_context_unloaded,0.057899,0.304849,0.871337,0.000000,0.128663,WAIT,WAIT,0,1.000000,9999,0.000000,1.000000,none,temporal_first_contact,0,-1,0.000000,0.000000,1.000000,1.000000,0.000000,0.720000,observation_tone,0.240197,0.001007,0.279142,0.251790,0.266202,0.434112,0.209586,0.228574,-0.018989,SHORT,0.000000,0.000000,1.000000,NO_TRADE,0.000000,0.000000,100.34000000,100.34000000,100.34000000,100.34000000,0,100.34000000,0.000000,0.026170,-0.051991,-0.050831,0.003736,-0.002636,-0.003336,0.022433,0.049355,0.049648,0.020000,0.019941,0.029355,0.029707,0.000000,0.000000,0.002961,0.000000,0.000000,0.002153,0.000000,0.000000,0.000000,0.000000,0.000000,0.026918,0.000000,0.000000,0.002961,0.002961,0.000000,0.026918,0.002961,0.000000,0.000000,SHORT,0.215344,0.205617,-1.000000,-1.000000,0.182883,0.040984,-0.251207,0.323170,-0.116658
66,1769339800000000,dio_043ccxh,dio_043c,probe22_6ep_varianteB,0,0.000000,0.000000,0.000000,0.000000,0,0.000000,0,0,-,NONE,0,0.000000,0.000000,0.000000,0,0,0,0,dio_043c,reflection_context_unloaded,0.096294,0.246604,0.936894,0.067896,0.131003,WAIT,WAIT,0,1.000000,9999,0.000000,1.000000,none,temporal_far_return,44,20,0.285714,0.070100,0.833333,0.024751,0.633897,0.160395,focus_tone,0.661731,0.163424,0.081892,0.118760,0.374684,0.561985,0.425393,0.085912,0.339481,WAIT,0.000000,0.000000,0.000000,NO_TRADE,0.000000,0.000000,100.30000000,100.30000000,100.30000000,100.30000000,0,100.30000000,0.000000,0.018840,-0.040104,-0.049167,-0.003470,0.001725,0.000667,0.022310,0.047982,0.049834,0.019831,0.020000,0.028152,0.029834,0.000000,0.008462,0.000000,0.000000,0.006154,0.000000,0.000000,0.000000,0.000000,0.000000,0.076925,0.000000,0.000000,0.008462,0.000000,0.008462,0.000000,0.076925,0.008462,0.000000,0.000000,-,0.000000,0.161095,0.000000,-0.168530,0.060713,-0.091575,0.383000,0.120124,0.031451
